Nombre;Apellido;Firma
Santiago;Silva;Santiago Silva
Carlos;Correa;Carlos Correa
Carlos;Meléndez;Carlos Meléndez
José Pablo;Arellano;José Pablo Arellano
Ricardo;Escobar;Ricardo Escobar
Carola;Rubia;Carola Rubia
Sergio;Muñoz Riveros;Sergio Muñoz Riveros
Enrique;Aliste;Enrique Aliste
Maximiliano;Duarte;Maximiliano Duarte
Raphael;Bergoeing;Raphael Bergoeing
Felipe ;Balmaceda;Felipe  Balmaceda
Cristián;Roncagliolo;Cristián Roncagliolo
Gloria;de la Fuente;Gloria de la Fuente
Juan Vicente ;Bachiller;Juan Vicente  Bachiller
Adriana;Muñoz;Adriana Muñoz
Agathe;Porte;Agathe Porte
Alejandra;Cox;Alejandra Cox
Alejandra ;González;Alejandra González
Alejandra;Benítez;Alejandra Benítez
Alejandra;Candia;Alejandra Candia
Alejandra;Falabella;Alejandra Falabella
Alejandra;Luneke ;Alejandra Luneke 
Alejandra;Meneses;Alejandra Meneses
Alejandra;Mizala ;Alejandra Mizala 
Alejandra;Zúñiga-Fajuri;Alejandra Zúñiga-Fajuri
Alejandro;Alaluf;Alejandro Alaluf
Alejandro;Barros;Alejandro Barros
Alejandro;Corvalán;Alejandro Corvalán
Alejandro;Reinoso;Alejandro Reinoso
Alejandro;San Francisco;Alejandro San Francisco
Alessia;Injoque;Alessia Injoque
Alex;Godoy;Alex Godoy
Alex;Muñoz;Alex Muñoz
Alexa ;Aguilera;Alexa Aguilera
Alexander;Galetovic;Alexander Galetovic
Alexis;Kalergis;Alexis Kalergis
Alfie;Ulloa;Alfie Ulloa
Alfonso;De Urresti;Alfonso De Urresti
Alfedo;Maira;Alfredo Maira
Alicia;Castillo;Alicia Castillo
Alicia;Núñez ;Alicia Núñez 
Aliro;Bórquez;Aliro Bórquez
Álvaro;Ossa ;Álvaro Ossa 
Ana Luz;Durán;Ana Luz Durán
Ana Lya;Uriarte;Ana Lya Uriarte
Ana María;Montoya;Ana María Montoya
Ana María;Stuven;Ana María Stuven
Ana Victoria;Nieto;Ana Victoria Nieto
Ana;Henríquez;Ana Henríquez
Ana María;García;Ana María García
Anders;Beal;Anders Beal
Andrea;Butelmann;Andrea Butelmann
Andrea ;Garrido;Andrea  Garrido
Andrea;Repetto ;Andrea Repetto 
Andrea;Sanhueza;Andrea Sanhueza
Andrea;Slachevsky;Andrea Slachevsky
Andrea;Zondek;Andrea Zondek
Andrés;Allamand;Andrés Allamand
Andrés;Cargill;Andrés Cargill
Andrés;Couve;Andrés Couve
Andrés;Dockendorff;Andrés Dockendorff
Andrés;Gomberoff;Andrés Gomberoff
Andrés;Gutiérrez;Andrés Gutiérrez
Andrés;Mahnke;Andrés Mahnke
Andrés;Palma;Andrés Palma
Andrés;Solimano;Andrés Solimano
Andrés;Villar;Andrés Villar
Aniella;Descalzi;Aniella Descalzi
Anil;Sadarangani;Anil Sadarangani
Annie;Dufey;Annie Dufey
Antonia  ;Eluchans;Antonia  Eluchans
Antonia ;Reyes;Antonia Reyes
Antonia;Huentecura;Antonia Huentecura
Antonio;Díaz Araujo;Antonio Díaz Araujo
Antonio;Guzmán;Antonio Guzmán
Anuar;Majluf;Anuar Majluf
Arturo;Brandt;Arturo Brandt
Aïcha Liviana;Messina ;Aïcha Liviana Messina 
Aïcha Liviana;Messina ;Aïcha Liviana Messina 
Beatriz;Shand ;Beatriz Shand 
Benjamín;Cofré;Benjamín Cofré
Benjamín;Mordoj;Benjamín Mordoj
Bernardo;Larraín;Bernardo Larraín
Bjorn;Lomborg;Bjorn Lomborg
Blanca;Peñaloza;Blanca Peñaloza
Agencia;Bloomberg;Bloomberg
Boris;Yopo;Boris Yopo
Bárbara;Sepúlveda;Bárbara Sepúlveda
Joaquín;Trujillo;Joaquín Trujillo
Camila;Pesce ;Camila Pesce 
Camila;Arenas;Camila Arenas
Camilo;Escalona;Camilo Escalona
Carlos;García;Carlos García
Carlos;Prado;Carlos Prado
Carlos;Castro;Carlos Castro
Carlos;Cordero;Carlos Cordero
Carlos;Escaffi;Carlos Escaffi
Carlos;Henríquez ;Carlos Henríquez 
Carlos;Jerez;Carlos Jerez
Carlos;Künsemüller;Carlos Künsemüller
Carlos;Ruíz ;Carlos Ruíz 
Carlos;Saavedra;Carlos Saavedra
Carmen Gloria;Larenas;Carmen Gloria Larenas
Carmen;Romero;Carmen Romero
Carmen;Sotomayor;Carmen Sotomayor
Carola;Rubia;Carola Rubia
Carolina ;Menichetti;Carolina Menichetti
Carolina;Bawlitza;Carolina Bawlitza
Carolina;Flores;Carolina Flores
Carolina;Horn;Carolina Horn
Carolina;Schmidt;Carolina Schmidt
Carolina;Stefoni;Carolina Stefoni
Carolina;Tohá;Carolina Tohá
Carolina;Valenzuela;Carolina Valenzuela
Carolina;Velasco;Carolina Velasco
Catalina;Delpiano;Catalina Delpiano
Catalina;Lagos;Catalina Lagos
Catalina;Pérez;Catalina Pérez
Catalina;Rufs;Catalina Rufs
Catherine;Neira;Catherine Neira
Cecilia;Rodríguez;Cecilia Rodríguez
Christian;Parada ;Christian Parada 
Christian;Schmitz;Christian Schmitz
Claudia;Araya;Claudia Araya
Claudia;Bobadilla;Claudia Bobadilla
Claudia;Fuentes;Claudia Fuentes
Claudia;Hasbún;Claudia Hasbún
Claudia;Heiss;Claudia Heiss
Claudia;Martínez;Claudia Martínez
Claudia;Mojica;Claudia Mojica
Claudia;Peirano;Claudia Peirano
Claudia;Sarmiento;Claudia Sarmiento
Claudio;Barahona;Claudio Barahona
Claudio;Alvarado;Claudio Alvarado
Claudio;Rolle;Claudio Rolle
Claudio;Ruff;Claudio Ruff
Claudio;Sapelli;Claudio Sapelli
Constanza;Hube;Constanza Hube
Constanza;Cea;Constanza Cea
Consuelo;Valdés;Consuelo Valdés
Cristián;Maturana;Cristián Maturana
Cristián;Riego;Cristián Riego
Cristián;Ruiz;Cristián Ruiz
Cristóbal ;Bley;Cristóbal Bley 
Cristóbal;Palma;Cristóbal Palma
Cristóbal;Balbontín ;Cristóbal Balbontín 
Cristóbal;Bellolio ;Cristóbal Bellolio 
Cristóbal;Bywaters;Cristóbal Bywaters
Equipo de;Culto;Culto
César;Díaz;César Díaz
Daniel;Greve;Daniel Greve
Daniel;Crespo;Daniel Crespo
Daniela;Carrasco;Daniela Carrasco
Daniela;Sepúlveda;Daniela Sepúlveda
Dante;Castillo;Dante Castillo
Darcy;Fuenzalida;Darcy Fuenzalida
Dariela;Sharim;Dariela Sharim
Diego;Durán;Diego Durán
Gonzalo;Winter;Gonzalo Winter
Diego;Ibáñez;Diego Ibáñez
Diego;Luna;Diego Luna
Diego;Navarrete;Diego Navarrete
Diego;Pardow;Diego Pardow
Diego;Schalper;Diego Schalper
Diego;Urrejola;Diego Urrejola
Domingo;Lovera;Domingo Lovera
Dominique;Hervé;Dominique Hervé
Eduardo;Alemán;Eduardo Alemán
Eduardo;Arriagada;Eduardo Arriagada
Eduardo;Bitrán;Eduardo Bitrán
Eduardo;Saavedra;Eduardo Saavedra
Eduardo ;Undurraga;Eduardo  Undurraga
Eduardo;Valenzuela;Eduardo Valenzuela
Eduardo;Santa Cruz;Eduardo Santa Cruz
Egon;Montecinos;Egon Montecinos
Eileen;Green;Eileen Green
Elena;Serrano;Elena Serrano
Elizabeth;Guerrero;Elizabeth Guerrero
Emilia;Malig;Emilia Malig
Emilio;Oñate;Emilio Oñate
Emilio;Santelices;Emilio Santelices
Ennio;Vivaldi;Ennio Vivaldi
Enrique;García;Enrique García
Enrique;Paris;Enrique Paris
Ernesto;Treviño;Ernesto Treviño
Esteban; Jadresic;Esteban  Jadresic
Etienne;Lapuente;Etienne Lapuente
Eugenio;Celedón;Eugenio Celedón
Eugenio;Severin;Eugenio Severin
Eugenio;Zalaquett;Eugenio Zalaquett
Eve;Crowley;Eve Crowley
Ezio;Costa;Ezio Costa
Fabio;Bertranou;Fabio Bertranou
Fabiola;Barrenechea;Fabiola Barrenechea
Federico;Finchelstein;Federico Finchelstein
Felipe;Bunster;Felipe Bunster
Felipe;Valdés B.;Felipe Valdés B.
Felipe;Kast;Felipe Kast
Felipe;Mella;Felipe Mella
Felipe;Sáez;Felipe Sáez
Felipe;Ulloa;Felipe Ulloa
Felipe;Ward;Felipe Ward
Fernanda;Valdés;Fernanda Valdés
Fernando;Coloma;Fernando Coloma
Fernando;Londoño;Fernando Londoño
Fernando;Sánchez;Fernando Sánchez
Flavio;Cortés;Flavio Cortés
Flavio;Salazar;Flavio Salazar
Florencia;Vergara;Florencia Vergara
Florencio;Bernales Romero;Florencio Bernales Romero
Francisca;Urroz;Francisca Urroz
Francisca;Zamorano;Francisca Zamorano
Francisco;Guzmán;Francisco Guzmán
Francisco José;Ocaranza;Francisco José Ocaranza
Francisco;Soto;Francisco Soto
Francisco;Agüero ;Francisco Agüero 
Francisco;Bedecarratz;Francisco Bedecarratz
Francisco;Chahuán;Francisco Chahuán
Francisco;Domínguez;Francisco Domínguez
Francisco;Gallego;Francisco Gallego
Francisco;Meneses;Francisco Meneses
Franco;Basso;Franco Basso
Fulvio;Rossi;Fulvio Rossi
Gabriel;Boric;Gabriel Boric
Gabriela;Clivio;Gabriela Clivio
Gabriela;Jofré;Gabriela Jofré
Gael;Yeomans;Gael Yeomans
Gerald F.;Seib;Gerald F. Seib
Gloria;Hutt;Gloria Hutt
Gonzalo;Navarrete;Gonzalo Navarrete
Gonzalo;Plaza;Gonzalo Plaza
Gonzalo;Valdés;Gonzalo Valdés
Gonzalo;Vial Luarte;Gonzalo Vial Luarte
Gonzalo;Winter;Gonzalo Winter
Guido;Girardi;Guido Girardi
Guillermo;Larraín;Guillermo Larraín
Guillermo;Le Fort;Guillermo Le Fort
Guillermo;Paraje;Guillermo Paraje
Guillermo;Silva;Guillermo Silva
Guy;Ryder;Guy Ryder
Hans;Eben;Hans Eben
Helia;Molina;Helia Molina
Herman;Chadwick;Herman Chadwick
Hermann;González ;Hermann González 
Hernán;Passalacqua;Hernán Passalacqua
Hernán;Araneda;Hernán Araneda
Hernán;Frigolett;Hernán Frigolett
Hugo;Cifuentes;Hugo Cifuentes
Humberto;Soriano;Humberto Soriano
Ian;Bremmer;Ian Bremmer
Iancu;Cordescu;Iancu Cordescu
Ignacia ;Sanhueza;Ignacia Sanhueza
Ignacia;Gómez;Ignacia Gómez
Ignacio;Aravena;Ignacio Aravena
Ignacio;Silva;Ignacio Silva
Ignacio;Silva Santa Cruz;Ignacio Silva Santa Cruz
Ignacio;Tornero;Ignacio Tornero
Inger;Andersen;Inger Andersen
Irene;Bronfman;Irene Bronfman
Isaac;Caro ;Isaac Caro 
Isabel ;Carrasco;Isabel Margarita Carrasco
Isabel;Aninat;Isabel Aninat
Isabella;Villanueva;Isabella Villanueva
Issa;Kort;Issa Kort
Iván;Navarro;Iván Navarro
Iván;Pérez ;Iván Pérez 
Iván;Salinas;Iván Salinas
Iván;Suazo;Iván Suazo
Izkia;Siches;Izkia Siches
Jaime;Alcalde;Jaime Alcalde
Jaime;Barrientos;Jaime Barrientos
Jaime;Burrows;Jaime Burrows
Jaime;Casassus;Jaime Casassus
Javier;Cerón;Javier Cerón
Javier;Tapia;Javier Tapia
Javier;Gallego;Javier Gallego
Javier;González;Javier González
Javier;Naranjo;Javier Naranjo
Javier;Sánchez;Javier Sánchez
Javiera;Arias;Javiera Arias
Javiera;Cerda;Javiera Cerda
Javiera;Petersen;Javiera Petersen
Jeanne W.;Simon;Jeanne W. Simon
Jeanne;Lafortune;Jeanne Lafortune
Jessica;López;Jessica López
Jessica;Matus;Jessica Matus
Jesús;Castellanos;Jesús Castellanos
Joaquín;Villarino;Joaquín Villarino
Jolita;Butkeviciene;Jolita Butkeviciene
Jorge;Alessandri;Jorge Alessandri
Jorge;Bermúdez;Jorge Bermúdez
Jorge;Canals;Jorge Canals
Jorge;Contesse;Jorge Contesse
Jorge;Gómez;Jorge Gómez
Jorge;Jaraquemada;Jorge Jaraquemada
Jorge;Leiva;Jorge Leiva
Jorge;Pinto ;Jorge Pinto 
Jorge;Rodríguez;Jorge Rodríguez
Jorge;Sanhueza;Jorge Sanhueza
Josefa;Aguirre;Josefa Aguirre
Josep;Borrell ;Josep Borrell 
José Antonio;Rosas;José Antonio Rosas
José Francisco;García;José Francisco García
José Francisco;Yuraszeck;José Francisco Yuraszeck
José Ignacio;Gutiérrez;José Ignacio Gutiérrez
José Julio;León;José Julio León
José Manuel;Jaramillo;José Manuel Jaramillo
José María;Eyzaguirre;José María Eyzaguirre
José Miguel;Rodríguez;José Miguel Rodríguez
José Miguel;Sánchez;José Miguel Sánchez
José Orlando;Peralta;José Orlando Peralta
José Tomás;Vicuña;José Tomás Vicuña
José;Batlle;José Batlle
José;Hernández;José Hernández
José;Tessada;José Tessada
Juan Carlos;Gazmuri;Juan Carlos Gazmuri
Juan Carlos;Jobet;Juan Carlos Jobet
Juan Carlos;Said;Juan Carlos Said
Juan Cristóbal;Portales;Juan Cristóbal Portales
Juan Eduardo;García-Huidobro;Juan Eduardo García-Huidobro
Juan Ignacio;Latorre;Juan Ignacio Latorre
Juan Luis;Goldenberg;Juan Luis Goldenberg
Juan ;Sierra;Juan Pablo Sierra
Juan Pablo;Lira;Juan Pablo Lira
Juan Pablo;Luna;Juan Pablo Luna
Juan Pablo;Montero;Juan Pablo Montero
Juan Pablo;Olmedo;Juan Pablo Olmedo
Juan Pablo;Swett;Juan Pablo Swett
Juan;Braun;Juan Braun
Juan;Matulic;Juan Matulic
Juan;Sutil;Juan Sutil
Juanita;Gana;Juanita Gana
Judith;Schönsteiner ;Judith Schönsteiner 
Julieta;Suárez-Cao;Julieta Suárez-Cao
Julio;Alvear ;Julio Alvear 
Julio;Castro;Julio Castro
Julio;Echeverría;Julio Echeverría
Julio;Peña;Julio Peña
Julita ; Luco;Julita Luco
Jörg;Stippel;Jörg Stippel
Karen;Milinarsky;Karen Milinarsky
Kathleen;Page;Kathleen Page
Kenneth;Pugh;Kenneth Pugh
Kenzo;Asahi;Kenzo Asahi
Kristine;Tompkins ;Kristine Tompkins 
La;Tercera;La Tercera
Laura;Gutiérrez;Laura Gutiérrez
Leandro;de Brasi;Leandro de Brasi
Leonardo;Daneri ;Leonardo Daneri 
Leonardo;Hernández;Leonardo Hernández
Leonardo;Moreno;Leonardo Moreno
Leonardo;Soto;Leonardo Soto
Leonidas;Montes;Leonidas Montes
Leonor;Etcheberry;Leonor Etcheberry
Liliana;Cortés;Liliana Cortés
Liliana;Galdámez ;Liliana Galdámez 
Liliana;Jadue;Liliana Jadue
Lilí;Orell;Lilí Orell
Lorena;Medina;Lorena Medina
Lorenzo;Constans;Lorenzo Constans
Loreto;Cox;Loreto Cox
Lucas;Sierra;Lucas Sierra
Lucas;Palacios;Lucas Palacios
Luciano;Cruz-Coke;Luciano Cruz-Coke
Luciano;Simonetti;Luciano Simonetti
Luis Eduardo;Bresciani L.;Luis Eduardo Bresciani L.
Luis Eduardo;Prieto ;Luis Eduardo Prieto 
Luis;García-Huidobro;Luis García-Huidobro
Luis;Fuentes;Luis Fuentes
Luis;Pardo;Luis Pardo
Luz;Poblete;Luz Poblete
M. Jacqueline;Sepúlveda;M. Jacqueline Sepúlveda
M. Teresa;Flórez;M. Teresa Flórez
Macarena ;Sánchez;Macarena Sánchez
Macarena;Andrade;Macarena Andrade
Macarena;Letelier ;Macarena Letelier 
Macarena;de la Calle;Macarena de la Calle
Magdalena ;Rencoret;Magdalena Rencoret
Magdalena;Browne;Magdalena Browne
Magdalena;Claro;Magdalena Claro
Magdalena;Ortega;Magdalena Ortega
Mahia;Saracostti;Mahia Saracostti
Maisa;Rojas;Maisa Rojas
Manuel;Amaya;Manuel Amaya
Manuel;Barros;Manuel Barros
Manuel;Bengolea;Manuel Bengolea
Manuel;Huichao;Manuel Huichao
Manuel;Santos;Manuel Santos
Marcela;Pardo;Marcela Pardo
Marcela;Zúñiga;Marcela Zúñiga
Marcelo;Fernández;Marcelo Fernández
Marcelo;Mena;Marcelo Mena
Marcelo;Trivelli;Marcelo Trivelli
Marco Antonio;Cumsille;Marco Antonio Cumsille
Marco;Moreno;Marco Moreno
Marco;Ávila;Marco Ávila
Marcos;Singer ;Marcos Singer 
Margarita;Calderón;Margarita Calderón
Margarita;Ducci;Margarita Ducci
Mario;Pavón;Mario Pavón
Marioly;Torres;Marioly Torres
Marisol;Peña;Marisol Peña
Mark;Minneboo;Mark Minneboo
Marta;Colet;Marta Colet
Marta;Simonetti;Marta Simonetti
Martín;Coloma ;Martín Coloma 
Martín;Valdivia;Martín Valdivia
Mary Therese;Kalin;Mary Therese Kalin
María Angélica;Benavides;María Angélica Benavides
María Beatriz;Fernández;María Beatriz Fernández
María Cristina;Escudero;María Cristina Escudero
María Cristina;Silva;María Cristina Silva
María Elena;Etcheberry;María Elena Etcheberry
María Elena;Tobar;María Elena Tobar
María Isabel;Díaz;María Isabel Díaz
María Isabel;Vial;María Isabel Vial
María José;Becerra;María José Becerra
María José;Escudero ;María José Escudero 
María José;Hernández;María José Hernández
María José;Hoffmann;María José Hoffmann
María José;López;María José López
María Loreto;Ferrari;María Loreto Ferrari
María Soledad;Martínez;María Soledad Martínez
María Soledad;Zárate;María Soledad Zárate
María Teresa;Rojas;María Teresa Rojas
María Victoria;Peralta;María Victoria Peralta
María Ángelica;Baeza;María Ángelica Baeza
María;Jaraquemada;María Jaraquemada
Matías;Petersen;Matías Petersen
Matías;Claro;Matías Claro
Matías;Goyenechea;Matías Goyenechea
Matías;Reeves;Matías Reeves
Maurice;Khamis;Maurice Khamis
Mauricio;Loy;Mauricio Loy
Mauricio;Morales ;Mauricio Morales 
Mauricio;Villena;Mauricio Villena
Mauro;Salazar;Mauro Salazar
Maya;Fernández;Maya Fernández
Michel;Maffesoli;Michel Maffesoli
Miguel Ángel;Calisto;Miguel Ángel Calisto
Miguel Ángel;Mujica;Miguel Ángel Mujica
Milenko;Bertrand;Milenko Bertrand
Miriam;Henríquez;Miriam Henríquez
Mélany;Barragán;Mélany Barragán
Mónica;Zalaquett;Mónica Zalaquett
Natalia;Piergentili;Natalia Piergentili
Nataly;Campusano;Nataly Campusano
Nelson;Hadad;Nelson Hadad
Nicol;Toledo ;Nicol Toledo 
Nicola;Borregaard;Nicola Borregaard
Nicole ;Gardella;Nicole  Gardella
Nicolás ;Abalo;Nicolás Abalo
Nicolás;Violani;Nicolás Violani
Nicolás;Birrell;Nicolás Birrel
Nicolás;Figueroa;Nicolás Figueroa
Nicolás;Garrido;Nicolás Garrido
Orlando;Jiménez;Orlando Jiménez
Oscar;Stenström;Oscar Stenström
Osvaldo;Luco;Osvaldo Luco
Osvaldo;Artaza;Osvaldo Artaza
Osvaldo;Larrañaga;Osvaldo Larrañaga
Pablo ;Andulce;Pablo Andulce
Pablo;Celhay;Pablo Celhay
Pablo;Contreras;Pablo Contreras
Pablo;Durán;Pablo Durán
Pablo;Fuenzalida;Pablo Fuenzalida
Pablo;González;Pablo González
Pablo;Marquet;Pablo Marquet
Pablo;Ruiz-Tagle;Pablo Ruiz-Tagle
Pablo;Sapag;Pablo Sapag
Pablo;Soto;Pablo Soto
Pablo;Terrazas;Pablo Terrazas
Pablo;Vidal;Pablo Vidal
Pablo;Vidal;Pablo Vidal
Pablo;Walker;Pablo Walker
Paloma;Infante;Paloma Infante
Paola;Assael;Paola Assael
Paola;Tapia;Paola Tapia
Patricia;Guerrero;Patricia Guerrero
Patricia;Peña;Patricia Peña
Patricio;Aroca;Patricio Aroca
Patricio;Carrasco;Patricio Carrasco
Patricio;Domínguez;Patricio Domínguez
Patricio;Rojas;Patricio Rojas
Patricio;Valenzuela;Patricio Valenzuela
Patricio;Ventura-Juncá;Patricio Ventura-Juncá
Patricio;Ventura-Juncá ;Patricio Ventura-Juncá 
Paul;Gleeson;Paul Gleeson
Paula;Bedregal;Paula Bedregal
Paula;Benavides;Paula Benavides
Paula;Medina;Paula Medina
Paula;Vial;Paula Vial
Paulina;Ibarra ;Paulina Ibarra 
Paulina;Taboada;Paulina Taboada
Paulina;Veloso;Paulina Veloso
Pauline;Kantor;Pauline Kantor
Paulo;Egenau;Paulo Egenau
Paz;Serra;Paz Serra
Pedro;Bouchon;Pedro Bouchon
Pedro;Güell;Pedro Güell
Pedro;Palominos;Pedro Palominos
Pelayo;Covarrubias;Pelayo Covarrubias
Pía;Mundaca;Pía Mundaca
Pía;Palacios;Pía Palacios
QU;Dongyu;QU Dongyu
Rafael;Aránguiz;Rafael Aránguiz
Rafael;Caviedes;Rafael Caviedes
Rafael;Gaune;Rafael Gaune
Rafael;Rincón-Urdaneta;Rafael Rincón-Urdaneta
Rafael;Rodríguez;Rafael Rodríguez
Rafael;Sousa;Rafael Sousa
Raimundo;Soto;Raimundo Soto
Raquel ;Telias;Raquel Telias
Raúl;Fernández;Raúl Fernández
Raúl;Perry;Raúl Perry
Reinaldo;Sapag;Reinaldo Sapag
Renzo;Corona;Renzo Corona
Ricardo;Abuauad;Ricardo Abuauad
Ricardo;Baeza Yates ;Ricardo Baeza Yates 
Ricardo;Paredes;Ricardo Paredes
Ricardo;Toro;Ricardo Toro
Ricardo;Vásquez;Ricardo Vásquez
Richard Custodio;Velázquez;Richard Custodio Velázquez
Robert;Funk;Robert Funk
Roberto;Bascuñan;Roberto Bascuñan
Roberto;Arístegui;Roberto Arístegui
Roberto;González;Roberto González
Roberto;Ríos;Roberto Ríos
Rocío ;Cabello ;Rocío Cabello 
Rodolfo;Lacy;Rodolfo Lacy
Rodrigo;Correa G. ;Rodrigo Correa G. 
Rodrigo;Icaran;Rodrigo Icaran
Rodrigo;Poyanco;Rodrigo Poyanco
Rodrigo;Yáñez ;Rodrigo Yáñez 
Ronald;Fischer;Ronald Fischer
Rosario;Grez;Rosario Grez
Saeb;Erekat;Saeb Erekat
Sandra;Solari;Sandra Solari
Santiago;González;Santiago González
Sara;Granados;Sara Granados
Sara;Larraín;Sara Larraín
Sebastian;Bowen;Sebastian Bowen
Sebastián;Acevedo;Sebastián Acevedo
Sebastián;Bowen;Sebastián Bowen
Sebastián;López;Sebastián López
Sebastián;Villarreal;Sebastián Villarreal
Sergio;Barrientos;Sergio Barrientos
Sergio;Bitar;Sergio Bitar
Sergio;Verdugo;Sergio Verdugo
Sergio;Yávar;Sergio Yávar
Siugmin;Lay;Siugmin Lay
Slaven;Razmilic;Slaven Razmilic
Sofía;Salas;Sofía Salas
Soledad ; García Huidobro;Soledad García Huidobro
Stella;Zervoudaki;Stella Zervoudaki
Susana;Claro;Susana Claro
Susana;Jiménez;Susana Jiménez
Tamara;Taraciuk;Tamara Taraciuk
Thomas;Yaksic;Thomas Yaksic
Tomás;Kubick;Tomás Kubick
Tomás;Recart;Tomás Recart
Tomás;Regueira;Tomás Regueira
Tomás;De Rementería;Tomás De Rementería
Trinidad;del Río  ;Trinidad del Río  
Valentina; Osnovikoff;Valentina Osnovikoff
Valentina;Konow;Valentina Konow
Valentina;Quiroga;Valentina Quiroga
Vanessa;Facusse;Vanessa Facusse
Verónica;Anguita;Verónica Anguita
Verónica;Hoffmann;Verónica Hoffmann
Verónica;Pinilla;Verónica Pinilla
Vicente;Burgos;Vicente Burgos
Vicente;Hargous;Vicente Hargous
Vinícius;Pinheiro;Vinícius Pinheiro
Viviana ;Díaz;Viviana Díaz
Víctor;Barrueto;Víctor Barrueto
Víctor;Salas;Víctor Salas
Wenceslao;Unanue;Wenceslao Unanue
Wendy;Morton;Wendy Morton
Xu;Bu;Xu Bu
Xulio;Ríos;Xulio Ríos
Agencia;France Presse;AFP
Agencia ;UNO;Agencia UNO
Andrés;Gómez;Andrés Gómez Bravo
Agustín;Morel;Agustín Morel
Agustín;Morel;Agustín Morel
Ignacio;Alarcón;Ignacio Alarcón
Alberto;Fuguet;Alberto Fuguet
Alberto;Labra;Alberto Labra
Alberto;Rojas;Alberto Rojas
Alejandra;Aranda;Alejandra Aranda
Alejandra;Matus;Alejandra Matus
Alejandra;Mustakis;Alejandra Mustakis
Alejandra;Arratia;Alejandra Arratia
Alejandra;Olguín;Alejandra Olguín
Alejandra;Sepúlveda;Alejandra Sepúlveda
Alejandro;Jofré;Alejandro Jofré
Alejandro;Tapia;Alejandro Tapia
Alejandro;Trujillo;Alejandro Trujillo
Alexandra;Kohan;Alexandra Kohan
Alexis;Paiva Mack;Alexis Paiva Mack
Alan;Alfaro;Alan Alfaro
Alfredo;Jocelyn-Holt;Alfredo Jocelyn-Holt
Alison;Vivanco;Alison Vivanco
Álvaro;Bisama;Álvaro Bisama
Álvaro;Ortúzar;Álvaro Ortúzar
Álvaro;Paúl;Álvaro Paúl
Álvaro;Pezoa;Álvaro Pezoa
Alvaro;Vargas Llosa;Alvaro Vargas Llosa
Andrés;Azócar;Andrés Azócar
Andrés;Benítez;Andrés Benítez
Andrés;Del Real;Andrés Del Real
Andrés;Muñoz;Andrés Muñoz
Andrew;Chernin;Andrew Chernin
Ángela;del Canto;Ángela del Canto
Antonia;Fava;Antonia Fava
Antonieta;de la Fuente;Antonieta de la Fuente
Antonio;Correa;Antonio Correa
Antonio;Díaz Oliva;Antonio Díaz Oliva
Associated;Press;AP
Álvaro;Poblete;Álvaro Poblete
Arturo;Cifuentes;Arturo Cifuentes
Ascanio;Cavallo;Ascanio Cavallo
Axel;Christiansen;Axel Christiansen
Bárbara;Pezoa;Bárbara Pezoa
Baltasar;Daza;Baltasar Daza
Belén;Cabrera;Belén Cabrera
Felipe;Harboe;Felipe Harboe
Ángela ;Arenas;Ángela  Arenas
Camila;Miranda;Camila Miranda
Carla;Cabello;Carla Cabello
Carla Pía;Ruiz;Carla Pía Ruiz
Carlos;Cruz;Carlos Cruz
Carlos;Alonso;Carlos Alonso
Carlos;González Lucay;Carlos González Lucay
Carlos;Meléndez;Carlos Meléndez
Carlos;Montes;Carlos Montes
Carlos;Ominami;Carlos Ominami
Carlos Matías;Pérez;Carlos Matías Pérez
Carlos;Reyes P.;Carlos Reyes P.
Carlos;Said;Carlos Said
Carlos;Tapia;Carlos Tapia
Carlos;Williamson;Carlos Williamson
Carlos;Zamorano;Carlos Zamorano
Carolina;Pizarro;Carolina Pizarro
Carolina;Rojas;Carolina Rojas
Guillermo;Gabler;Guillermo Gabler
Guillermo;Gabler;Guillermo Gabler
Cecilia;Yáñez;Cecilia Yáñez
César;Hidalgo;César Hidalgo
César;Barros;César Barros
Pablo;Urquízar;Pablo Urquízar
Christian;González;Christian González
Cristóbal;Palacios;Cristóbal Palacios
Claudia;Sanhueza;Claudia Sanhueza
Claudia;Soto;Claudia Soto
Claudio;Alvarado Rojas;Claudio Alvarado Rojas
Claudio;Portilla;Claudio Portilla
Claudio;Vergara;Claudio Vergara
Clemente;Pérez;Clemente Pérez
Néstor ;Becerra;Néstor  Becerra
Juan;Velásquez;Juan Velásquez
Constanza;Canevaro;Constanza Canevaro
Constanza;Michelson;Constanza Michelson
Consuelo;Saavedra;Consuelo Saavedra
Correos;de los Lectores;Correos de los Lectores
Crescente;Prieto;Crescente Prieto
Cristián;Cerna;Cristián Cerna
Cristian;Barrera;Cristian Barrera
Cristián;Jara;Cristián Jara
Cristián;Merino;Cristián Merino
Cristián;Valdivieso;Cristián Valdivieso
Cristián;Valenzuela;Cristián Valenzuela
Cristina;Pérez;Cristina Pérez
Cristóbal;Tello;Cristóbal Tello
Carlos ;Recondo;Carlos  Recondo
Carlos;Urenda;Carlos Urenda
Manuel José;Irarrázaval;Manuel José Irarrázaval
Jerónimo;Giorgi;Jerónimo Giorgi
Daniel;Bustos;Daniel Bustos
Daniel;Mansuy;Daniel Mansuy
Daniel;Matamala;Daniel Matamala
Daniel;Rodríguez;Daniel Rodríguez
Daniela;Cruzat;Daniela Cruzat
Daniela;Silva;Daniela Silva
David;Nogales;David Nogales
Dayana;Sánchez;Dayana Sánchez
Jorge;Heine;Jorge Heine
Ignacio;Walker;Ignacio Walker
Sebastián ;Parga;Sebastián  Parga
Gisela;Alarcón;Gisela Alarcón
María Inés;Salamanca;María Inés Salamanca
Pedro ;Fierro;Pedro  Fierro
Raimundo;Larraín;Raimundo Larraín
Diego;Hermosilla;Diego Hermosilla
David;Hevia;David Hevia
Diego;Zúñiga;Diego Zúñiga
Diego;G. Gatica;Diego G. Gatica
Julia Eugenia;Martínez;Julia Eugenia Martínez
Magdalena;Vergara;Magdalena Vergara
Marcelo;Segura;Marcelo Segura
Edmundo;Paz Soldán;Edmundo Paz Soldán
Eduardo;Valente;Eduardo Valente
Eduardo;Ortega;Eduardo Ortega
Eduardo;Vergara;Eduardo Vergara
Macarena;García;Macarena García
Agencia;EFE;EFE
Manuel;Alcántara;Manuel Alcántara
Matías;Alcalde;Matías Alcalde
El;Deportivo;El Deportivo
Elisa;Walker;Elisa Walker
Emiliano;Carrizo;Emiliano Carrizo
Emilio;Morales;Emilio Morales
Equipo de Video;Laboratorio de Contenidos;Equipo de Video Laboratorio de Contenidos de La Tercera
Equipo;de Espectáculos;Equipo de Espectáculos
Equipo;de Nacional;Equipo de Nacional
Equipo;de Política;Equipo de Política
Ernesto;Ottone;Ernesto Ottone
Ernesto;Ottone Ramírez;Ernesto Ottone Ramírez
Eugenia;Fernández;Eugenia Fernández
Eugenio;Guzmán;Eugenio Guzmán
Europa;Press;Europa Press
Francisco;Artaza;Francisco Artaza
Francisco;Dagnino;Francisco Dagnino
Rayén;Condeza;Rayén Condeza
Felipe;Ojeda;Felipe Ojeda
Felipe;Cáceres;Felipe Cáceres
Felipe;Díaz;Felipe Díaz
Felipe;Valencia;Felipe Valencia
Fernanda;Arros;Fernanda Arros
Fernanda;Rojas;Fernanda Rojas
Fernando;Atria;Fernando Atria
Fernando;Claro;Fernando Claro
Fernando;Vial;Fernando Vial
Fernando;Fuentes;Fernando Fuentes
Sebastián;Sichel;Sebastián Sichel
Bárbara;Haas ;Bárbara Haas 
Teodoro;Ribera;Teodoro Ribera
Flavio;Quezada;Flavio Quezada
Flavio;Quinteros;Flavio Quinteros
Francesca;Ravizza;Francesca Ravizza
Francisca;Jünneman;Francisca Jünneman
Francisca;Forni;Francisca Forni
Francisca;Guerrero;Francisca Guerrero
Francisca;Mayorga;Francisca Mayorga
Francisca;O'Ryan;Francisca O'Ryan
Francisco;Pérez Mackenna;Francisco Pérez Mackenna
Francisco;Aguirre A. ;Francisco Aguirre A. 
Francisco;Aravena;Francisco Aravena
Francisco;Méndez;Francisco Méndez
Francisco;Ortega;Francisco Ortega
Francisco;Siredey;Francisco Siredey
Fredi;Velásquez;Fredi Velásquez
Juan José;Ugarte;Juan José Ugarte
Pablo;Ortúzar;Pablo Ortúzar
Giovanni;Calderón;Giovanni Calderón
Javier;Couso;Javier Couso
Julio;Alvear;Julio Alvear
Gabriel;Zanetti;Gabriel Zanetti
Gabriel;Zanetti;Gabriel Zanetti
Gabriel;Labraña;Gabriel Labraña
Gabriel;Zaliasnik;Gabriel Zaliasnik
Gabriela;Sierra;Gabriela Sierra
Gabriela;Sandoval;Gabriela Sandoval
Gabriela;Soto;Gabriela Soto
Jaime;Llambías-Wolff;Jaime Llambías Wolff
Gloria;Faúndez;Gloria Faúndez
Giselle;Riutort;Giselle Riutort
Gonzalo;Jiménez;Gonzalo Jiménez
Gonzalo;Larraguibel;Gonzalo Larraguibel
Gonzalo;Muñoz;Gonzalo Muñoz
Gonzalo;Restini;Gonzalo Restini
Gonçalo;Tavares;Gonçalo Tavares
Gonzalo;Cordero;Gonzalo Cordero
Gonzalo;Martner;Gonzalo Martner
Gonzalo;Müller;Gonzalo Müller
Gonzalo;Valdivia;Gonzalo Valdivia
Guido;Macari Marimón;Guido Macari Marimón
Guillermo;del Valle;Guillermo del Valle
Gustavo;Orellana;Gustavo Orellana
Héctor;Basoalto;Héctor Basoalto
Héctor;Humeres;Héctor Humeres
Héctor;Soto;Héctor Soto
Hernán;de Solminihac;Hernán de Solminihac
Hernán;Cheyre;Hernán Cheyre
Hernán;Vidal;Hervi
Hugo;Herrera;Hugo Herrera
Hugo;Lavados;Hugo Lavados
Hugo;Llanos;Hugo Llanos
Ignacio;Bazán;Ignacio Bazán
Ignacio;Irarrázaval;Ignacio Irarrázaval
Ignacio;Leal;Ignacio Leal
Ignacio;Sánchez;Ignacio Sánchez
Isabel;Amor;Isabel Amor
Isabel;Caro;Isabel Caro
Iván;Poduje;Iván Poduje
Jaime;Figueroa;Jaime Figueroa
Jaime;Flores;Jaime Flores
Javier;Vega;Javier Vega
Javier;Sajuria;Javier Sajuria
Javiera;Matus;Javiera Matus
Javiera;Riquelme;Javiera Riquelme
Jaime;Bayly;Jaime Bayly
 Jeannette;Von Wolfersdorff; Jeannette Von Wolfersdorff
Juan Paulo;Iglesias;Juan Paulo Iglesias
Leonardo;Cárdenas;Leonardo Cárdenas
Joaquín;Fernández Abara;Joaquín Fernández Abara
Jorge;Fábrega;Jorge Fábrega
Jorge;Hermann;Jorge Hermann
Jorge;Yunis;Jorge Yunis
Jorge;Arellano;Jorge Arellano
Jorge;Burgos;Jorge Burgos
Jorge;Fantuzzi;Jorge Fantuzzi
Jorge;Navarrete;Jorge Navarrete
José Miguel;Ventura;José Miguel Ventura
José;Miguélez;José Miguélez, editor de El Deportivo
José Antonio;Kast;José Antonio Kast
Josefa;Monge;Josefa Monge
José Joaquín;Brünner;José Joaquín Brünner
José Luis;Santa María;José Luis Santa María
José Miguel;González;José Miguel González
José Miguel;Jaque;José Miguel Jaque
José Miguel;Serrano;José Miguel Serrano
José;Navarrete;José Navarrete
Joyce;Ventura;Joyce Ventura
Juan Francisco;Cruz  ;Juan Francisco Cruz  
Juan Carlos;Guajardo;Juan Carlos Guajardo
Juan Cristóbal;Guarello;Juan Cristóbal Guarello
Juan Ignacio;Eyzaguirre;Juan Ignacio Eyzaguirre
Juan Pablo;Roncone;Juan Pablo Roncone
Juan Pedro;Pinochet;Juan Pedro Pinochet
Juan Pablo;Andrews;Juan Pablo Andrews
Juan;Barrera Marchant;Juan Barrera Marchant
Juan;Carvajal;Juan Carvajal
Juan Manuel;Ojeda;Juan Manuel Ojeda
Juan Andrés;Quezada;Juan Andrés Quezada
Juan Manuel;Villagrán;Juan Manuel Villagrán
Juan Ignacio;Brito;Juan Ignacio Brito
Juan Ignacio;Gutiérrez;Juan Ignacio Gutiérrez
Juan Manuel;Vial;Juan Manuel Vial
Juan Manuel;Zolezzi;Juan Manuel Zolezzi
Julio;Echeverría;Julio Echeverría
Nelly;León;Nelly León
Karen;González;Karen González
Karen;Codner;Karen Codner
Karin;Moore;Karin Moore
Karla;Rubilar;Karla Rubilar
La Tercera;PM;La Tercera PM
La Tercera;TV;La Tercera TV
Leo;Marcazzolo;Leo Marcazzolo
Leonidas;Montes;Leonidas Montes
Leslie;Ayala;Leslie Ayala
Lorena;Ferraro;Lorena Ferraro
Lya;Rosen;Lya Rosen
Lucas;García;Lucas García
Lucas;Sierra;Lucas Sierra
Lucía;Dammert;Lucía Dammert
Luis;Cerda;Luis Cerda
Luis;Larraín;Luis Larraín
Manuel;Agosin;Manuel Agosin
Manuel;Marfán;Manuel Marfán
Manuel;Rivera;Manuel Rivera
Manuel;Silva;Manuel Silva
Marcelo;Contreras;Marcelo Contreras
Marcelo;Córdova;Marcelo Córdova
Marcelo;Sánchez;Marcelo Sánchez
María José;Bosch;María José Bosch
María José;Cumplido;María José Cumplido
María José;Naudon;María José Naudón
María Paz;Ceresuela;María Paz Ceresuela
Valentina;Danker;Valentina Danker
Alejandra;Jara;Alejandra Jara
María José;O'Shea;María José O'Shea
María Cecilia;Cifuentes;María Cecilia Cifuentes
María José;Jarpa;María José Jarpa
Mariana;Canales;Mariana Canales
Mariana;Marusic;Mariana Marusic
María Paz;Arzola;María Paz Arzola
Mariel;Lozada;Mariel Lozada
Mario;Vargas Llosa;Mario Vargas Llosa
Mario;Waissbluth;Mario Waissbluth
Marlén;Gac;Marlén Gac
Martín E.;Graziano;Martín E. Graziano
Matías;Concha;Matías Concha
Matías;Rivas;Matías Rivas
Matías;Martínez;Matías Martínez
Matías;Parker;Matías Parker
Mauricio;Monroy;Mauricio Monroy
Mauro;Libertella;Mauro Libertella
Max;Colodro;Max Colodro
Maximiliano;Vega;Maximiliano Vega
Maximiliano;Villena;Maximiliano Villena
Cristina;Cifuentes;Cristina Cifuentes
Catalina;Munita;Catalina Munita
Mauricio;Donoso;Mauricio Donoso
Mercedes;Ducci;Mercedes Ducci
Catalina;Göpel;Catalina Göpel
Michelle;Labbé;Michelle Labbé
Miguel Ángel;Pinto;Miguel Ángel Pinto
Moisés;Naím;Moisés Naím
Mónica;Garrido;Mónica Garrido
Melissa;Morales;Melissa Morales
Rosario;Gallardo;Rosario Gallardo
MT Online;de La Tercera;MT Online
Nicolás;Donoso;Nicolás Donoso
Nicole;Nehme;Nicole Nehme
Jorge;Uauy;Jorge Uauy
Nuno;Veloso;Nuno Veloso
Ricardo;Olave;Ricardo Olave
Olga;Bustamante;Olga Bustamante
Oriana;Fernández;Oriana Fernández
Óscar;Contardo;Óscar Contardo
Óscar Guillermo;Garretón;Óscar Guillermo Garretón
Pablo;Marín;Pablo Marín
Pablo;Allard;Pablo Allard
Pablo;Ortúzar;Pablo Ortúzar
Pablo;Retamal V.;Pablo Retamal V.
Pablo;Valderrama;Pablo Valderrama
Pablo;Retamal N.;Pablo Retamal N.
Patricia;Reyes;Patricia Reyes
Patricia;San Juan;Patricia San Juan
Patricio;Arrau;Patricio Arrau
Patricio;Dusaillant;Patricio Dusaillant
Patricio;Lazcano;Patricio Lazcano
Patricio;Poblete;Patricio Poblete
Patricio;Zapata;Patricio Zapata
Paula;Catena;Paula Catena
Paula;Escobar;Paula Escobar
Paula;Walker;Paula Walker
Paula;Valles;Paula Valles
Paulina;Sepúlveda;Paulina Sepúlveda
Paulo;Quinteros;Paulo Quinteros
Paz;Radovic;Paz Radovic
Pedro;Pellegrini;Pedro Pellegrini
Pedro;Cayuqueo;Pedro Cayuqueo
Felipe;Retamal;Felipe Retamal
Pulso;de La Tercera;Pulso
Pulso Trader;de La Tercera;Pulso Trader
Qué Pasa;de La Tercera;Qué Pasa
Rafael;Rosell Aiquel;Rafael Rosell Aiquel
Raúl;Álvarez;Raúl Álvarez
Romina;Cannoni;Romina Cannoni
Claudia;Uribe;Claudia Uribe
Olaya;Sanfuentes;Olaya Sanfuentes
Agencia;Reuters;Reuters
Rodrigo;González;Rodrigo González
Ricardo;Lagos Escobar;Ricardo Lagos Escobar
Ricardo;Martínez;Ricardo Martínez
Rosario;Mendía;Rosario Mendía
Robert;Destro;Robert Destro
Roberto;Izikson;Roberto Izikson
Roberto;Gálvez;Roberto Gálvez
Roberto;Méndez;Roberto Méndez
Rocío;Latorre;Rocío Latorre
Rodrigo ;Strobl;Rodrigo Strobl
Rodrigo;Cárdenas;Rodrigo Cárdenas
Rodrigo;Guendelman;Rodrigo Guendelman
Rodrigo;Retamal;Rodrigo Retamal
Rodrigo;Munizaga;Rodrigo Munizaga
Rolf;Lüders;Rolf Lüders
Romina;de la Sotta;Romina de la Sotta
Ramón;Reyes;Ramón Reyes
Pablo;Araya;Pablo Araya
Samuel;Fernández;Samuel Fernández
Claudio;Orrego;Claudio Orrego
Manuel;Guerra;Manuel Guerra
Macarena ;Letelier;Macarena Letelier
José Francisco;Lagos;José Francisco Lagos
Francisco;Orrego;Francisco Orrego
Sebastián;Edwards;Sebastián Edwards
Sebastián;Izquierdo;Sebastián Izquierdo
Sebastián;Labrín;Sebastián Labrín
Sebastián;Minay;Sebastián Minay
Sebastián;Rivas;Sebastián Rivas
Sebastián;Vicuña;Sebastián Vicuña
Sebastián;Romero;Sebastián Romero
Sergio;Rodríguez;Sergio Rodríguez
Manuel;Melero;Manuel Melero
Luis;Castillo;Luis Castillo
Sindy;Olea;Sindy Olea
Sofía;Aravena;Sofía Aravena
Soledad;Recabarren;Soledad Recabarren
Soledad;Alvear;Soledad Alvear
Sophia;Marabolí;Sophia Marabolí
Alejandro;Foxley;Alejandro Foxley
Pablo ;Derpich;Pablo  Derpich
Marina;Rosenberg;Marina Rosenberg
Stéphanie;Alenda;Stéphanie Alenda
Susana;Parejas;Susana Parejas
Susana;Sierra;Susana Sierra
Sylvia;Eyzaguirre;Sylvia Eyzaguirre
Paulina;Vodanovic;Paulina Vodanovic
Tamara;Agnic;Tamara Agnic
Tania;Opazo;Tania Opazo
Tomás;Casanegra;Tomás Casanegra
Tomás;Duval;Tomás Duval
Tomás;Fuentes;Tomás Fuentes
Tomás;Jordán;Tomás Jordán
Valentina;Jofré;Valentina Jofré
Vanessa;Azócar;Vanessa Azócar
Rodrigo;Albagli;Rodrigo Albagli
Víctor;Cofré;Víctor Cofré
Venancio;Coñuepán;Venancio Coñuepán
Angélica;Vera;Angélica Vera
Verónica;Undurraga;Verónica Undurraga
Manuel Antonio;Garretón;Manuel Antonio Garretón
Andrés ;Molina;Andrés  Molina
Víctor;Rivera;Víctor Rivera
Viviana;Castillo;Viviana Castillo
Waldo;Rivera;Waldo Rivera
The Wall Street;Journal;The Wall Street Journal
María de los Ángeles;Fernández;María de los Ángeles Fernández
Francisco;Uribe;Francisco Uribe
Eugenio;Rivera;Eugenio Rivera
Pablo;Paniagua;Pablo Paniagua
Jorge;Claro;Jorge Claro
Luis;Sota;Luis Sota
Patricio;Donoso;Patricio Donoso
Vladimir;Putin;Vladimir Putin
Verónica;Munita;Verónica Munita
Ximena;Jara;Ximena Jara
Ximena;Soto;Ximena Soto
Ricardo ;Hurtubia;Ricardo  Hurtubia
Enrique;Oyarzún;Enrique Oyarzún
Claudio;Castillo;Claudio Castillo
Álvaro;Peralta Sáinz;Álvaro Peralta Sáinz
Álvaro;Erazo;Álvaro Erazo
Álvaro;Ferrer;Álvaro Ferrer
Álvaro;Vásquez;Álvaro Vásquez
Óscar;Arteaga;Óscar Arteaga
